{
  "metadata": {
    "training_timestamp": "2025-07-07T09:05:54.432918",
    "data_summary": {
      "total_findings": 14355,
      "ai_evaluated_findings": 1000,
      "ai_evaluation_coverage": 0.06966213862765587
    },
    "feature_columns": [
      "algorithm",
      "severity",
      "confidence",
      "crypto_type",
      "language",
      "rule_id",
      "line_number",
      "file_extension",
      "file_path_depth",
      "filename_length",
      "is_test_file",
      "is_crypto_library",
      "is_low_level",
      "pattern_complexity",
      "has_function_call",
      "has_import_statement",
      "is_hash_algorithm",
      "is_symmetric_crypto",
      "is_asymmetric_crypto",
      "is_legacy_algorithm",
      "is_modern_algorithm",
      "is_critical",
      "is_high",
      "is_medium",
      "is_low",
      "is_info",
      "is_c_cpp",
      "is_high_level_lang",
      "is_systems_lang",
      "finding_id",
      "ai_is_valid",
      "ai_confidence",
      "ai_severity",
      "has_ai_evaluation"
    ]
  },
  "models": {
    "false_positive_detector": {
      "model_type": "logistic_regression",
      "coefficients": [
        -0.02336015327516052,
        -0.3751777582469129,
        1.148658476769493,
        -0.013398078219452093,
        0.0,
        0.051287296392778986,
        5.415486757355169e-05,
        -0.09513627686293724,
        -0.06840090794234993,
        -0.02744138554275422,
        -1.0768030159500805,
        -0.45755350061143163,
        -1.347709581283096,
        0.0,
        0.0,
        0.0,
        0.5818293803553698,
        0.0,
        0.02629306006053451,
        0.0,
        0.0,
        1.089180025125714,
        1.6011414214793458,
        -0.9881595898572657,
        0.0,
        0.0,
        0.0,
        0.0,
        0.0
      ],
      "intercept": 5.003588208837718,
      "classes": [
        0,
        1
      ],
      "n_features": 29
    },
    "confidence_predictor": {
      "model_type": "random_forest",
      "n_estimators": 5,
      "feature_importances": [
        0.03690650407050484,
        0.024339025305460366,
        0.36822016346464165,
        0.016651037041445778,
        0.0,
        0.02716747285552177,
        0.154833715688902,
        0.060193398981708064,
        0.12524037073239896,
        0.0777524955093374,
        0.02215129007361002,
        0.027699039520426433,
        0.006277742470580359,
        0.0,
        0.0,
        0.0,
        0.007998265710321707,
        0.0,
        0.0058144309506559235,
        0.0,
        0.0,
        0.011279978643361327,
        0.021723139007439524,
        0.005751929973683812,
        0.0,
        0.0,
        0.0,
        0.0,
        0.0
      ],
      "classes": [
        "high",
        "medium"
      ],
      "trees": [
        {
          "tree_id": 0,
          "feature_importances": [
            0.030129995309614674,
            0.039506867647727456,
            0.3678142488217899,
            0.01660493627855704,
            0.0,
            0.009837005519722093,
            0.05084130964738278,
            0.03550512828044794,
            0.23423462941408307,
            0.04434973009361019,
            0.011757905490925803,
            0.021492854168964542,
            8.399967765124093e-05,
            0.0,
            0.0,
            0.0,
            0.017620801024244032,
            0.0,
            0.09802056821526457,
            0.0,
            0.0,
            0.01977601785953147,
            0.0012914950438877683,
            0.0011325075065953822,
            0.0,
            0.0,
            0.0,
            0.0,
            0.0
          ],
          "n_features": 29
        },
        {
          "tree_id": 1,
          "feature_importances": [
            0.01878153114876922,
            0.04450696068564565,
            0.3029521275042144,
            0.039182893145221234,
            0.0,
            0.007235372305099647,
            0.27550361929514655,
            0.12540151753493955,
            0.056573002521034664,
            0.0648222526669479,
            0.016489117017347277,
            0.013855831930139905,
            2.337137572356291e-06,
            0.0,
            0.0,
            0.0,
            0.0,
            0.0,
            0.001637094339739707,
            0.0,
            0.0,
            0.0,
            0.033056342768181875,
            0.0,
            0.0,
            0.0,
            0.0,
            0.0,
            0.0
          ],
          "n_features": 29
        },
        {
          "tree_id": 2,
          "feature_importances": [
            0.03212840514719861,
            0.03808788996294642,
            0.24012267923644617,
            0.0061373175997312766,
            0.0,
            0.0,
            0.09197869930225559,
            0.04091744306238944,
            0.2764531954651799,
            0.07840884385117142,
            0.05906355305765217,
            0.039970069626293944,
            0.0,
            0.0,
            0.0,
            0.0,
            0.04026099883144961,
            0.0,
            0.009190284394370321,
            0.0,
            0.0,
            0.025588980452826943,
            0.021691640010088095,
            0.0,
            0.0,
            0.0,
            0.0,
            0.0,
            0.0
          ],
          "n_features": 29
        },
        {
          "tree_id": 3,
          "feature_importances": [
            0.02068584489964111,
            0.020931297074556054,
            0.4239745246494575,
            0.0,
            0.0,
            0.044472619430109855,
            0.13949807108494525,
            0.005567715899800763,
            0.24302833291332446,
            0.03978869909068917,
            0.008715668026241711,
            0.004482015687275335,
            0.0,
            0.0,
            0.0,
            0.0,
            0.0,
            0.0,
            0.0007752412595563601,
            0.0,
            0.0,
            1.2975295059048651e-05,
            0.03871348461145384,
            0.009353510077889544,
            0.0,
            0.0,
            0.0,
            0.0,
            0.0
          ],
          "n_features": 29
        },
        {
          "tree_id": 4,
          "feature_importances": [
            0.03838178456314815,
            0.020639574722184265,
            0.30868421211312497,
            0.04791426942034604,
            0.0,
            0.023353751926089492,
            0.08700497498199565,
            0.03839909089184827,
            0.20612480539274516,
            0.09512397597690478,
            0.02324139261627551,
            0.03202129375888526,
            0.007568901641501017,
            0.0,
            0.0,
            0.0,
            0.047541245577878914,
            0.0,
            0.0,
            0.0,
            0.0,
            0.0,
            0.0,
            0.024000726417072377,
            0.0,
            0.0,
            0.0,
            0.0,
            0.0
          ],
          "n_features": 29
        }
      ],
      "n_features": 29
    },
    "severity_classifier": {
      "model_type": "random_forest",
      "n_estimators": 5,
      "feature_importances": [
        0.06358363969166402,
        0.10210292532074364,
        0.0730653473630637,
        0.05086375470143504,
        0.0,
        0.054103368889967196,
        0.14372342922241133,
        0.015610750915360017,
        0.03313875024667687,
        0.056853146902169076,
        0.005246280292194229,
        0.013136988355730163,
        0.018601962666030588,
        0.0,
        0.0,
        0.0,
        0.01167302565514398,
        0.0,
        0.005023293092440666,
        0.0,
        0.0,
        0.07679569873077491,
        0.1707999692769741,
        0.10567766867722045,
        0.0,
        0.0,
        0.0,
        0.0,
        0.0
      ],
      "classes": [
        "critical",
        "high",
        "info",
        "medium"
      ],